employee_id,name,department,region,hire_date,salary_usd,manager_id,active
E001,Anna Costa,Sales,North,10/24/2018,84000,,Y
E002,Yuki Murphy,Sales,South,2017-07-01,71000,,Y
E003,Pavel Nguyen,Sales,East,2018-12-10,62000,,Y
E004,Liam Iyer,Sales,West,2015-04-30,61500,,Y
E005,Leila Iyer,Sales,North,2014-10-14,70000,,Y
E006,Isabel Patel,Sales,South,2019-04-20,66500,,N
E007,Leila Kowalski,Sales,East,2016-08-02,60500,,N
E008,Yuki Abbasi,Sales,West,2019-02-28,82500,,Y
E009,Noah Adeyemi,Sales,North,2017-03-04,64000,E007,Y
E010,Naomi Novak,Sales,South,2017-11-15,90000,E023,N
E011,Tariq Schmidt,Sales,East,2014-12-17,81500,E003,Y
E012,Ethan Hale,Sales,West,2015-05-19,67000,E003,Y
E013,Elena Haddad,Sales,North,2022-05-05,88000,E014,Y
E014,Leila Patel,Sales,South,2013-08-03,78000,E022,Y
E015,Felix Ibarra,Sales,East,2023-02-08,72000,E006,Y
E016,Hannah Bianchi,Sales,West,2019-12-14,61000,E019,N
E017,Ingrid Sato,Sales,North,2013-08-24,64000,E027,Y
E018,Pavel Weiss,Sales,South,2023-04-22,85500,E024,Y
E019,Lucas Tanaka,Sales,East,2014-05-04,85500,E020,Y
E020,Naomi Ibarra,Sales,West,2016-01-13,63500,,
E021,Chen Ibarra,Sales,North,2016-09-17,74500,E006,Y
E022,Omar Iyer,Sales,South,2021-11-06,66500,E013,Y
E023,Mei Oyelaran,Sales,East,2014-12-31,72500,E007,Y
E024,Isabel Iyer,Sales,West,05/01/2012,84500,E008,Y
E025,Leila Okafor,Sales,North,2016-10-20,77500,E026,Y
E026,Rahul Hale,Sales,South,06/08/2023,90000,E029,Y
E027,Sofia Kowalski,Sales,East,2014-05-30,62000,E029,Y
E028,Maria Adeyemi,Sales,West,2018-11-23,65000,E012,Y
E029,Oscar Petrov,Sales,North,04/27/2019,63500,E012,Y
E030,Ethan Abbasi,Sales,South,2014-02-19,60500,E026,N
E031,Omar Kowalski,Sales,East,08/21/2014,64000,E007,Y
E032,Olivia Brandt,Sales,West,2014-04-21,68500,E014,Y
E033,Hannah Hale,Sales,North,2023-07-15,78000,E014,Y
E034,Ethan Haddad,Sales,South,2018-07-18,71000,E015,Y
E035,Kevin Lindqvist,Sales,East,2018-04-26,67500,E027,Y
E036,Isabel Kowalski,Sales,West,2021-06-12,69000,E022,Y
E037,Aisha Iyer,Sales,North,03/16/2013,66500,E009,Y
E038,Priya Bianchi,Sales,South,2018-05-22,64000,E025,Y
E039,Hannah Iyer,Sales,East,04/22/2018,72000,E024,Y
E040,Ethan Walsh,Sales,West,2020-03-07,72000,E023,Y
E041,Priya Ibarra,Sales,North,2021-07-01,84500,E003,Y
E042,Yuki Okafor,Sales,South,2017-11-11,90000,E028,
E043,Sofia Patel,Sales,East,2022-08-04,63500,E004,Y
E044,Priya Sato,Sales,West,2014-03-12,65000,E010,Y
E045,Olivia Tanaka,Sales,North,08/05/2019,70500,E018,Y
E046,Daniel Raman,Sales,South,2018-04-02,65000,E017,Y
E047,Yuki Nguyen,Sales,East,,66000,E005,Y
E048,Hannah Larsen,Sales,West,2012-07-23,73500,E017,Y
E049,Anna Novak,Sales,North,2018-03-18,69000,E016,Y
E050,Marcus Castillo,Sales,South,2012-09-14,72000,E021,Y
E051,Samuel Abbasi,Sales,East,2022-11-27,76000,E024,N
E052,Kofi Silva,Sales,West,2016-06-01,,E001,Y
E053,Noah Brandt,Sales,North,02/08/2013,62500,E023,Y
E054,Anna Iyer,Sales,South,2016-09-18,87000,E008,Y
E055,Grace Abbasi,Sales,East,2018-10-15,81500,E007,Y
E056,Ingrid Walsh,Sales,West,07/08/2017,68000,E011,Y
E057,Pavel Murphy,Sales,North,2017-11-08,71000,E001,Y
E058,Grace Patel,Sales,South,2016-03-14,76500,E002,N
E059,Olivia Walsh,Sales,East,2017-11-27,81500,E005,Y
E060,James Castillo,Sales,West,2020-01-30,63500,E011,Y
E061,Mei Bianchi,Support,West,11/29/2021,76000,E022,N
E062,Leila Petrov,Engineering,West,2022-02-26,87000,E023,N
E063,Felix Gallagher,Finance,North,2020-04-16,71500,E003,Y
E064,Anna Mbeki,HR,West,2018-02-24,72000,E017,Y
E065,Noah Raman,Marketing,West,2015-09-03,85500,E001,Y
E066,Olivia Adeyemi,Marketing,South,2017-05-05,62000,E005,N
E067,Arjun Larsen,Finance,North,2023-09-28,71500,E009,Y
E068,Layla Abbasi,HR,West,2021-12-27,61000,E022,Y
E069,Isabel Silva,HR,North,2022-04-29,74000,E002,Y
E070,Rahul Gallagher,HR,North,04/24/2022,67000,E001,Y
E071,Sofia Iyer,Marketing,South,2017-03-08,79500,E019,Y
E072,Leila Dubois,Engineering,East,03/21/2015,64500,E016,Y
E073,Priya Silva,Engineering,South,10/10/2021,72000,E013,Y
E074,Layla Karim,Operations,East,2017-11-14,80000,E022,Y
E075,Isabel Petrov,Support,South,2014-10-25,63000,E020,Y
E076,Tariq Rossi,HR,West,,89500,E019,Y
E077,Pavel Dubois,Marketing,South,2016-12-26,73000,E001,Y
E078,Zara Reyes,Support,East,2015-08-26,68500,E008,Y
E079,Layla Brandt,Operations,West,2019-09-29,74500,E022,Y
E080,Victor Adeyemi,Support,South,2022-09-08,74000,E014,Y
E081,Lucas Novak,Engineering,West,09/21/2018,85000,E003,Y
E082,Lucas Murphy,Operations,North,2023-02-19,80500,E024,Y
E083,Lucas Larsen,Engineering,South,01/02/2024,83000,E011,Y
E084,Rahul Petrov,Marketing,West,2017-05-27,76000,E024,Y
E085,Arjun Oyelaran,Finance,South,2016-07-27,63000,E019,Y
E086,Liam Weiss,Marketing,North,04/18/2014,77500,E008,Y
E087,Naomi Mbeki,HR,West,2016-04-24,83000,E029,Y
E088,Nadia Silva,Support,North,2023-07-30,71500,E011,Y
E089,Ingrid Patel,Engineering,South,01/31/2014,63500,E028,Y
E090,Hannah Yilmaz,Finance,South,2020-11-30,66500,E005,Y
E091,Fatima Costa,Marketing,North,2018-09-22,81500,E020,Y
E092,Rahul Oyelaran,Marketing,North,05/03/2013,74000,E020,Y
E093,Liam Hale,HR,South,2013-11-20,84000,E016,Y
E094,Ethan Dubois,Finance,North,2012-11-03,73500,E013,Y
E095,Ethan Bianchi,Operations,East,2014-12-07,,E004,Y
E096,Samuel Petrov,Marketing,North,2020-07-13,71500,E005,Y
E097,Ethan Reyes,HR,North,01/11/2017,83000,E009,Y
E098,James Walsh,Finance,West,2021-06-12,68500,E002,Y
E099,Chen Patel,HR,South,2017-05-25,87500,E017,Y
E100,Fatima Ibarra,Support,North,2022-12-20,87500,E010,Y
E101,Nadia Mbeki,HR,North,2023-04-10,67500,E019,Y
E102,Leila Gallagher,Support,North,2019-09-15,73500,E009,Y
E103,Lucas Ibarra,HR,West,2023-04-21,84500,E020,N
E104,Arjun Walsh,Engineering,West,2014-06-17,66000,E025,Y
E105,Diego Rossi,Marketing,South,2016-09-24,69500,E013,Y
E106,Mei Reyes,Operations,North,2023-01-30,60000,E010,Y
E107,Grace Tanaka,Finance,South,2021-10-30,76500,E007,Y
E108,Omar Nguyen,Operations,West,2016-09-06,83500,E021,Y
E109,James Ibarra,Engineering,North,2012-03-01,,E009,Y
E110,Diego Brandt,Finance,North,2022-01-29,78000,E020,Y
E111,Isabel Jansen,Support,West,2021-10-21,61000,E029,N
E112,Kevin Bianchi,Support,East,2019-06-09,69000,E013,Y
E113,Victor Walsh,Support,East,2021-07-08,81000,E015,Y
E114,Chen Weiss,Support,West,2020-05-17,62000,E003,Y
E115,Isabel Adeyemi,HR,South,2014-04-25,62000,E024,Y
E116,Samuel Raman,HR,North,2016-04-09,68500,E001,Y
E117,Anna Ibarra,Operations,West,07/19/2022,67500,E015,Y
E118,Olivia Castillo,Support,North,2022-07-29,65000,E006,Y
E119,Ethan Costa,Marketing,North,,89500,E024,Y
E120,Maria Lindqvist,Support,East,2020-03-14,66500,E016,Y
E121,Mateo Hale,Operations,South,2018-09-28,74500,E023,Y
E122,Leila Yilmaz,Operations,East,2017-06-28,72000,E001,
E123,Felix Lindqvist,Support,North,2018-12-17,72500,E019,Y
E124,Nadia Bianchi,Marketing,North,2018-10-15,85500,E002,Y
E125,Kofi Khan,Operations,East,01/20/2022,86000,E014,N
E068,Layla Abbasi,HR,West,2021-12-27,61000,E022,Y
E126,Nadia Sato,Engineering,East,2014-08-22,87000,E023,Y
E127,Hannah Adeyemi,Finance,South,2015-06-17,75000,E030,Y
E128,Isabel Reyes,Marketing,North,2022-05-22,66000,,Y
E129,Rahul Okafor,Engineering,West,2022-04-03,87000,E026,Y
E130,James Petrov,Finance,South,2018-12-22,,E010,N
E131,Sofia Costa,Finance,East,2016-09-21,65000,E029,Y
E132,Marcus Raman,Support,North,12/08/2013,74500,E027,Y
E133,Mei Karim,Finance,East,2015-05-14,61000,E005,Y
E134,Lucas Jansen,Operations,East,2019-02-16,81000,E028,
E135,Ethan Brandt,Support,West,2018-12-07,69000,E030,Y
E136,Rahul Moreau,Operations,North,2012-10-31,81000,E002,Y
E137,Chen Abbasi,Engineering,West,2016-03-21,84500,E001,Y
E138,Mateo Fischer,Support,North,09/29/2018,89000,E025,Y
E139,Marcus Larsen,Support,North,2019-08-13,62000,E021,Y
E140,Zara Ibarra,Engineering,North,04/22/2023,69000,E022,N
E141,Mateo Murphy,Support,West,2012-11-18,72500,E007,Y
E142,Isabel Brandt,HR,North,08/29/2023,85500,E029,Y
E143,Ingrid Petrov,Operations,South,2021-08-08,77500,E016,Y
E144,Zara Karim,Finance,East,2012-11-27,84500,E024,Y
E145,Samuel Khan,Engineering,North,,86000,E025,Y
E146,Daniel Khan,Finance,South,2020-08-06,86000,E029,Y
E147,Olivia Kowalski,Support,South,02/27/2017,,E004,Y
E148,Grace Silva,Support,East,2016-10-09,73000,E020,Y
E002,Yuki Murphy,Sales,South,2017-07-01,71000,,Y
E149,Zara Khan,Finance,East,,80000,E028,Y
E150,Oscar Mbeki,HR,East,2015-10-15,80500,E022,Y
E151,Olivia Jansen,Marketing,South,2021-04-13,70500,E011,Y
E152,Grace Murphy,Marketing,East,08/03/2022,72000,E022,Y
E153,Rahul Kowalski,Finance,East,2012-09-16,68500,E008,Y
E154,Chen Khan,Engineering,South,12/26/2012,60500,E001,
E155,Sofia Oyelaran,Support,South,06/16/2018,89000,E009,Y
E019,Lucas Tanaka,Sales,East,2014-05-04,85500,E020,Y
E156,Fatima Rossi,Operations,North,2018-03-23,88500,E016,Y
E157,Pavel Mbeki,HR,East,,77000,E016,N
E158,Tariq Castillo,Operations,North,2014-03-31,84500,E018,Y
E159,Chen Petrov,Support,South,09/17/2020,71500,E012,Y
E160,Mateo Mbeki,Marketing,North,2016-10-18,80500,E001,Y
E161,Omar Sato,Operations,East,2013-10-08,78000,E027,Y
E162,Mei Ibarra,Marketing,East,2015-01-27,69000,E018,Y
E163,Maria Nguyen,HR,North,2022-02-25,83000,E030,Y
E164,Olivia Murphy,Marketing,North,07/29/2023,,E014,Y
E165,Marcus Hale,Operations,North,2014-03-15,77500,E001,Y
E166,Leila Nguyen,Marketing,North,04/11/2013,64000,,N
E167,Tariq Fischer,HR,South,08/08/2018,78000,E002,Y
E168,Rahul Raman,Operations,West,01/07/2016,63500,E014,Y
E169,Elena Karim,Operations,South,09/23/2023,84500,E019,Y
E150,Oscar Mbeki,HR,East,2015-10-15,80500,E022,Y
E170,Grace Ibarra,Operations,West,2020-06-16,65000,E020,Y
E171,Leila Jansen,Support,South,2013-02-28,70500,E010,Y
E172,Anna Raman,Operations,East,03/18/2017,61500,E018,N
E173,Elena Iyer,Support,East,06/05/2017,79500,,Y
E174,Marcus Iyer,Support,East,2015-08-05,60000,E022,Y
E175,Lucas Gallagher,Engineering,East,2018-05-16,83000,E018,Y
E176,Felix Fischer,Support,West,2017-03-14,87500,E021,Y
E177,Zara Walsh,Finance,South,2018-06-29,,E017,Y
E178,Kofi Tanaka,Support,South,2016-02-01,75500,E014,Y
E179,Diego Okafor,Support,East,02/23/2014,66000,E025,Y
E180,Samuel Novak,Support,South,2012-09-10,64000,E030,Y
E181,Layla Haddad,Finance,West,07/03/2019,75000,E007,Y
E182,Hannah Petrov,Support,West,2014-04-25,65000,E020,
E183,Nadia Gallagher,Engineering,West,2022-11-02,60500,E022,Y
E184,Grace Haddad,HR,East,2019-11-20,,E027,Y
E185,Olivia Larsen,Engineering,West,2023-12-01,61000,E019,Y
E186,Ingrid Moreau,Operations,East,02/26/2021,60000,E014,Y
E187,Yuki Mendes,Operations,East,2021-01-23,83500,E016,Y
E188,Leila Khan,HR,East,2013-01-20,61500,E019,Y
E189,Marcus Cohen,Marketing,North,2013-05-31,63000,E022,Y
E190,Mateo Haddad,Support,West,2019-03-29,85000,E014,Y
E191,Nadia Karim,Support,East,2013-11-18,74500,E017,Y
E192,Noah Fischer,Engineering,North,2018-01-17,64500,E013,Y
E193,Tariq Ibarra,HR,West,2019-01-08,82000,E021,Y
E194,Liam Gallagher,Operations,West,2012-08-08,68000,E028,Y
E195,Rahul Iyer,HR,West,01/19/2022,90000,E020,Y
E196,Kevin Jansen,HR,South,2023-02-04,84000,E017,Y
E167,Tariq Fischer,HR,South,08/08/2018,78000,E002,Y
E197,Anna Mendes,Engineering,West,2021-10-31,86500,E008,Y
E198,Mei Dubois,HR,North,2019-04-14,63000,E018,Y
E199,Kevin Mbeki,Marketing,East,2013-09-26,83000,E012,Y
E200,Kevin Sato,Marketing,West,2012-06-05,63500,E030,N
E201,Priya Lindqvist,Operations,South,2020-08-01,63500,E012,Y
E202,Naomi Patel,Engineering,South,2023-06-13,79500,E011,Y
E203,James Tanaka,Support,West,2019-01-28,74500,E020,Y
E204,Marcus Sato,HR,South,2017-10-11,83500,E017,N
E205,Naomi Schmidt,Engineering,North,03/14/2017,80500,E007,Y
E206,Kofi Karim,Operations,North,2015-03-04,75000,E002,N
E207,Sofia Larsen,HR,East,2016-11-21,86500,E019,Y
E208,Olivia Cohen,HR,North,2017-07-09,77000,E009,Y
E209,Sofia Petrov,Operations,West,11/15/2019,,E003,Y
E210,Daniel Kowalski,Support,West,2018-02-24,76500,E030,Y
