order_id,sale_id,product_id,quantity,unit_price,total,order_date,status
O5001,S1001,P052,2,1300.00,,01/08/2024,pending
O5002,S1002,P028,3,240.00,720.00,04/01/2024,completed
O5003,S1004,P002,4,1150.00,4600.00,2024-01-08,shipped
O5004,S1005,P034,1,1160.00,1160.00,01/08/2024,completed
O5005,S1006,P021,3,810.00,2430.00,01/07/2024,completed
O5006,S1007,P050,2,790.00,1580.00,01/13/2024,completed
O5007,S1008,P005,2,910.00,,10/01/2024,pending
O5008,S1009,P030,4,630.00,2520.00,01/11/2024,completed
O5009,S1010,P048,2,510.00,1020.00,01/12/2024,shipped
O5010,S1011,P039,3,420.00,1260.00,14/01/2024,completed
O5011,S1012,P002,2,1150.00,2300.00,2024-01-15,completed
O5012,S1013,P052,1,1300.00,1300.00,2024-01-15,completed
O5013,S1014,P028,5,240.00,1200.00,01/14/2024,completed
O5014,S1015,P011,1,730.00,730.00,01/15/2024,shipped
O5015,S1016,P050,2,790.00,1580.00,14/01/2024,completed
O5016,S1017,P004,10,230.00,2300.00,14/01/2024,completed
O5017,S1018,P004,5,230.00,1150.00,2024-01-19,pending
O5018,S1019,P018,3,560.00,1680.00,2024-01-17,pending
O5019,S1020,P043,4,1450.00,5800.00,01/15/2024,shipped
O5020,S1021,P048,2,510.00,1020.00,2024-01-15,completed
O5021,S1022,P051,1,730.00,730.00,01/16/2024,completed
O5022,S1023,P030,1,630.00,,16/01/2024,pending
O5023,S1025,P004,5,230.00,1150.00,17/01/2024,cancelled
O5024,S1026,P029,2,580.00,1160.00,01/18/2024,pending
O5025,S1027,P005,1,910.00,910.00,20/01/2024,completed
O5026,S1028,P034,1,1160.00,1160.00,22/01/2024,completed
O5027,S1029,P010,1,1030.00,1030.00,2024-01-22,completed
O5028,S1030,P047,1,810.00,810.00,01/19/2024,pending
O5029,S1031,P032,3,790.00,2370.00,01/22/2024,completed
O5030,S1032,P044,4,820.00,3280.00,2024-01-24,pending
O5031,S1033,P052,1,1300.00,,01/22/2024,pending
O5032,S1034,P010,2,1030.00,2060.00,01/21/2024,completed
O5033,S1035,P008,1,390.00,390.00,2024-01-23,pending
O5034,S1036,P020,2,1190.00,2380.00,2024-01-26,shipped
O5035,S1037,P032,3,790.00,2370.00,30/01/2024,shipped
O5036,S1038,P039,2,420.00,840.00,2024-01-29,completed
O5037,S1039,P011,1,730.00,730.00,26/01/2024,completed
O5038,S1040,P031,2,1363.00,2726.00,01/30/2024,completed
O5039,S1041,P012,1,620.00,620.00,01/27/2024,pending
O5040,S1042,P025,2,310.00,620.00,2024-01-27,shipped
O5041,S1043,P031,2,1363.00,2726.00,2024-01-30,shipped
O5042,S1044,P032,1,790.00,790.00,02/01/2024,completed
O5043,S1045,P038,1,870.00,870.00,01/28/2024,shipped
O5044,S1046,P046,1,640.00,640.00,2024-01-31,completed
O5045,S1047,P020,2,1190.00,2380.00,01/28/2024,pending
O5046,S1048,P002,1,1150.00,1150.00,2024-01-28,completed
O5047,S1049,P001,1,480.00,480.00,03/02/2024,pending
O5048,S1050,P038,2,870.00,1740.00,02/02/2024,completed
O5049,S1051,P034,1,1160.00,1160.00,2024-02-02,shipped
O5050,S1052,P040,1,1270.00,1270.00,2024-02-01,completed
O5051,S1053,P002,2,1150.00,2300.00,2024-02-03,shipped
O5052,S1054,P004,3,230.00,690.00,05/02/2024,completed
O5053,S1056,P004,3,230.00,690.00,08/02/2024,shipped
O5054,S1057,P003,1,1140.00,1140.00,08/02/2024,completed
O5055,S1058,P026,2,500.00,1000.00,02/05/2024,completed
O5056,S1059,P021,2,810.00,1620.00,2024-02-03,shipped
O5057,S1061,P011,1,730.00,730.00,02/06/2024,completed
O5058,S1062,P015,4,1060.00,4240.00,02/08/2024,completed
O5059,S1063,P036,3,420.00,1260.00,05/02/2024,completed
O5060,S1065,P051,2,730.00,1460.00,2024-02-09,completed
O5061,S1066,P010,1,1030.00,1030.00,02/07/2024,shipped
O5062,S1067,P020,3,1190.00,3570.00,2024-02-08,cancelled
O5063,S1068,P005,4,910.00,3640.00,02/07/2024,completed
O5064,S1069,P012,1,620.00,620.00,2024-02-13,pending
O5065,S1070,P005,1,910.00,910.00,02/11/2024,pending
O5066,S1071,P052,2,1300.00,2600.00,2024-02-13,completed
O5067,S1072,P021,1,810.00,810.00,14/02/2024,shipped
O5068,S1075,P014,8,380.00,3040.00,2024-02-09,completed
O5069,S1077,P002,4,1150.00,4600.00,02/15/2024,completed
O5070,S1078,P027,4,1110.00,4440.00,18/02/2024,cancelled
O5071,S1080,P021,1,810.00,,2024-02-17,pending
O5072,S1081,P009,8,282.00,2256.00,20/02/2024,completed
O5073,S1082,P005,1,910.00,910.00,02/19/2024,completed
O5074,S1083,P025,3,310.00,930.00,02/17/2024,completed
O5075,S1084,P009,8,282.00,2256.00,2024-02-20,completed
O5076,S1085,P041,1,740.00,740.00,02/22/2024,completed
O5077,S1087,P016,2,1240.00,2480.00,02/24/2024,completed
O5078,S1088,P010,4,1030.00,4120.00,02/23/2024,completed
O5079,S1090,P003,1,1140.00,1140.00,2024-03-01,completed
O5080,S1091,P027,1,1110.00,1110.00,28/02/2024,pending
O5081,S1092,P004,10,230.00,2300.00,03/03/2024,completed
O5082,S1093,P020,2,1190.00,2380.00,28/02/2024,shipped
O5083,S1094,P010,2,1030.00,2060.00,2024-03-01,completed
O5084,S1095,P004,3,230.00,690.00,28/02/2024,cancelled
O5085,S1096,P032,3,790.00,2370.00,03/04/2024,pending
O5086,S1097,P002,1,1150.00,1150.00,03/05/2024,pending
O5087,S1098,P004,3,230.00,690.00,04/03/2024,completed
O5088,S1099,P005,2,910.00,1820.00,03/06/2024,cancelled
O5089,S1100,P048,4,510.00,2040.00,2024-03-03,completed
O5090,S1101,P038,1,870.00,870.00,07/03/2024,completed
O5091,S1103,P045,1,820.00,820.00,03/06/2024,pending
O5092,S1105,P005,2,910.00,1820.00,2024-03-05,completed
O5093,S1106,P044,3,820.00,2460.00,03/04/2024,shipped
O5094,S1107,P029,3,580.00,1740.00,03/04/2024,shipped
O5095,S1108,P004,2,230.00,460.00,03/03/2024,completed
O5096,S1110,P012,1,620.00,620.00,06/03/2024,completed
O5097,S1111,P020,3,1190.00,3570.00,06/03/2024,shipped
O5098,S1112,P018,2,560.00,1120.00,09/03/2024,completed
O5099,S1113,P005,1,910.00,910.00,2024-03-08,shipped
O5100,S1114,P001,1,480.00,480.00,2024-03-06,shipped
O5101,S1115,P022,1,780.00,780.00,03/06/2024,completed
O5102,S1116,P023,1,1270.00,1270.00,03/13/2024,completed
O5079,S1090,P003,1,1140.00,1140.00,2024-03-01,completed
O5103,S1117,P002,1,1150.00,1150.00,2024-03-07,cancelled
O5104,S1118,P004,3,230.00,690.00,03/14/2024,pending
O5105,S1119,P017,1,1330.00,1330.00,2024-03-09,shipped
O5106,S1120,P033,4,1220.00,4880.00,2024-03-15,pending
O5107,S1121,P004,1,230.00,,2024-03-11,pending
O5108,S1122,P032,2,790.00,1580.00,17/03/2024,completed
O5109,S1123,P018,2,560.00,1120.00,03/17/2024,completed
O5110,S1124,P047,1,810.00,810.00,16/03/2024,cancelled
O5111,S1126,P004,8,230.00,1840.00,2024-03-17,completed
O5112,S1127,P039,1,420.00,420.00,2024-03-16,completed
O5113,S1128,P044,2,820.00,1640.00,20/03/2024,pending
O5114,S1129,P019,4,740.00,2960.00,21/03/2024,completed
O5115,S1130,P004,3,230.00,690.00,03/20/2024,completed
O5116,S1131,P038,1,870.00,870.00,03/22/2024,cancelled
O5072,S1081,P009,8,282.00,2256.00,20/02/2024,completed
O5117,S1132,P026,2,500.00,1000.00,2024-03-21,cancelled
O5118,S1133,P010,1,1030.00,1030.00,19/03/2024,shipped
O5119,S1134,P024,1,600.00,600.00,03/25/2024,completed
O5120,S1135,P047,2,810.00,1620.00,2024-03-26,completed
O5121,S1137,P009,1,282.00,282.00,2024-03-25,pending
O5122,S1138,P001,1,480.00,480.00,03/26/2024,completed
O5123,S1139,P001,1,480.00,480.00,2024-03-21,pending
O5124,S1140,P023,3,1270.00,3810.00,2024-03-23,completed
O5125,S1141,P016,4,1240.00,4960.00,23/03/2024,completed
O5126,S1142,P034,1,1160.00,1160.00,2024-03-29,completed
O5127,S1143,P006,2,630.00,1260.00,2024-03-26,completed
O5128,S1144,P031,2,1363.00,2726.00,03/25/2024,completed
O5129,S1146,P035,4,1040.00,4160.00,03/27/2024,completed
O5130,S1147,P042,2,490.00,980.00,2024-03-30,completed
O5131,S1148,P005,2,910.00,1820.00,03/27/2024,completed
O5132,S1149,P002,1,1150.00,1150.00,04/02/2024,shipped
O5133,S1150,P015,1,1060.00,1060.00,2024-03-27,shipped
O5134,S1151,P010,1,1030.00,1030.00,04/02/2024,completed
O5135,S1152,P038,1,870.00,870.00,2024-04-04,completed
O5136,S1153,P038,1,870.00,870.00,2024-03-30,shipped
O5137,S1154,P012,3,620.00,1860.00,03/04/2024,completed
O5138,S1155,P011,2,730.00,1460.00,2024-04-03,completed
O5139,S1156,P008,1,390.00,390.00,2024-04-02,pending
O5140,S1158,P001,2,480.00,960.00,03/04/2024,completed
O5141,S1159,P024,1,600.00,600.00,06/04/2024,completed
O5142,S1160,P028,1,240.00,240.00,04/01/2024,shipped
O5143,S1161,P004,5,230.00,1150.00,02/04/2024,shipped
O5144,S1162,P001,1,480.00,480.00,2024-04-01,completed
O5145,S1163,P008,10,390.00,3900.00,04/04/2024,completed
O5146,S1164,P029,3,580.00,1740.00,06/04/2024,completed
O5147,S1165,P038,4,870.00,3480.00,04/05/2024,pending
O5148,S1167,P019,1,740.00,740.00,04/10/2024,shipped
O5149,S1168,P035,2,1040.00,2080.00,08/04/2024,completed
O5150,S1169,P004,1,230.00,230.00,10/04/2024,cancelled
O5151,S1170,P001,1,480.00,480.00,04/09/2024,completed
O5152,S1171,P020,1,1190.00,1190.00,04/14/2024,cancelled
O5153,S1172,P005,2,910.00,1820.00,04/16/2024,completed
O5154,S1173,P011,4,730.00,2920.00,18/04/2024,completed
O5155,S1174,P028,10,240.00,,04/19/2024,pending
O5156,S1175,P038,1,870.00,870.00,04/15/2024,completed
O5157,S1176,P042,2,490.00,980.00,21/04/2024,completed
O5158,S1177,P045,1,820.00,820.00,04/22/2024,completed
O5159,S1178,P005,4,910.00,3640.00,2024-04-19,pending
O5160,S1179,P029,2,580.00,1160.00,22/04/2024,pending
O5161,S1180,P014,5,380.00,1900.00,2024-04-25,pending
O5162,S1181,P042,2,490.00,980.00,24/04/2024,pending
O5163,S1182,P008,1,390.00,390.00,04/23/2024,shipped
O5164,S1183,P024,2,600.00,,04/27/2024,pending
O5165,S1184,P013,4,580.00,2320.00,04/23/2024,pending
O5166,S1185,P005,1,910.00,910.00,2024-04-26,cancelled
O5167,S1186,P046,4,640.00,2560.00,2024-04-26,completed
O5168,S1187,P030,1,630.00,630.00,04/28/2024,shipped
O5169,S1188,P011,1,730.00,730.00,04/27/2024,completed
O5170,S1189,P010,2,1030.00,2060.00,05/03/2024,cancelled
O5171,S1190,P025,5,310.00,1550.00,05/03/2024,cancelled
O5172,S1192,P003,3,1140.00,3420.00,05/03/2024,shipped
O5173,S1193,P007,1,390.00,390.00,03/05/2024,shipped
O5174,S1194,P001,1,480.00,480.00,06/05/2024,completed
O5175,S1196,P037,2,1350.00,2700.00,2024-05-08,shipped
O5176,S1197,P002,1,1150.00,1150.00,2024-05-10,pending
O5177,S1198,P047,3,810.00,2430.00,2024-05-09,completed
O5178,S1199,P001,1,480.00,480.00,06/05/2024,completed
O5144,S1162,P001,1,480.00,480.00,2024-04-01,completed
O5179,S1201,P004,10,230.00,2300.00,2024-05-09,cancelled
O5180,S1202,P010,4,1030.00,4120.00,05/09/2024,completed
O5181,S1203,P010,1,1030.00,1030.00,10/05/2024,completed
O5182,S1204,P031,1,1363.00,1363.00,05/10/2024,shipped
O5122,S1138,P001,1,480.00,480.00,03/26/2024,completed
O5183,S1205,P023,4,1270.00,5080.00,05/12/2024,completed
O5184,S1206,P002,1,1150.00,,11/05/2024,pending
O5185,S1207,P002,2,1150.00,2300.00,05/15/2024,completed
O5186,S1208,P004,8,230.00,1840.00,2024-05-10,completed
O5187,S1209,P042,2,490.00,980.00,2024-05-15,completed
O5188,S1210,P010,2,1030.00,2060.00,2024-05-14,shipped
O5189,S1211,P049,4,720.00,2880.00,11/05/2024,completed
O5190,S1212,P038,3,870.00,2610.00,2024-05-12,shipped
O5191,S1213,P012,2,620.00,1240.00,2024-05-17,completed
O5192,S1214,P043,4,1450.00,5800.00,16/05/2024,completed
O5193,S1216,P002,1,1150.00,1150.00,05/16/2024,completed
O5194,S1217,P005,1,910.00,910.00,05/20/2024,completed
O5195,S1218,P002,1,1150.00,1150.00,2024-05-16,completed
O5196,S1219,P014,1,380.00,380.00,05/16/2024,completed
O5197,S1220,P009,1,282.00,282.00,05/18/2024,shipped
O5198,S1221,P014,1,380.00,380.00,05/18/2024,shipped
O5199,S1222,P049,1,720.00,720.00,05/21/2024,pending
O5161,S1180,P014,5,380.00,1900.00,2024-04-25,pending
O5200,S1223,P038,1,870.00,870.00,2024-05-20,pending
O5201,S1224,P008,2,390.00,780.00,17/05/2024,completed
O5202,S1225,P003,3,1140.00,3420.00,2024-05-17,shipped
O5203,S1226,P039,4,420.00,1680.00,21/05/2024,shipped
O5204,S1227,P002,2,1150.00,2300.00,19/05/2024,completed
O5205,S1230,P040,2,1270.00,2540.00,19/05/2024,shipped
O5206,S1231,P042,4,490.00,1960.00,05/19/2024,completed
O5207,S1237,P027,3,1110.00,3330.00,26/05/2024,completed
O5208,S1238,P015,1,1060.00,1060.00,24/05/2024,completed
O5209,S1240,P020,1,1190.00,1190.00,2024-05-29,completed
O5210,S1241,P046,1,640.00,640.00,23/05/2024,completed
O5211,S1242,P036,4,420.00,1680.00,28/05/2024,completed
O5212,S1243,P016,2,1240.00,2480.00,2024-05-25,completed
O5213,S1244,P010,2,1030.00,2060.00,01/06/2024,completed
O5214,S1245,P005,2,910.00,1820.00,28/05/2024,completed
O5215,S1246,P008,5,390.00,1950.00,06/02/2024,completed
O5216,S1247,P042,3,490.00,1470.00,2024-05-28,completed
O5217,S1248,P033,1,1220.00,1220.00,03/06/2024,completed
O5218,S1249,P026,4,500.00,2000.00,2024-05-30,pending
O5219,S1250,P004,3,230.00,690.00,2024-06-03,completed
O5220,S1251,P001,2,480.00,960.00,06/02/2024,completed
O5221,S1252,P005,2,910.00,1820.00,03/06/2024,pending
O5172,S1192,P003,3,1140.00,3420.00,05/03/2024,shipped
O5222,S1253,P004,1,230.00,230.00,2024-06-05,completed
O5198,S1221,P014,1,380.00,380.00,05/18/2024,shipped
O5131,S1148,P005,2,910.00,1820.00,03/27/2024,completed
O5223,S1255,P007,1,390.00,390.00,08/06/2024,completed
O5224,S1256,P010,3,1030.00,3090.00,2024-06-03,shipped
O5225,S1257,P044,2,820.00,1640.00,2024-06-10,pending
O5226,S1258,P035,2,1040.00,2080.00,06/07/2024,completed
O5227,S1259,P048,2,510.00,1020.00,06/10/2024,completed
O5228,S1260,P030,1,630.00,630.00,06/11/2024,completed
O5229,S1261,P043,1,1450.00,1450.00,09/06/2024,cancelled
O5230,S1262,P004,1,230.00,230.00,10/06/2024,completed
O5231,S1263,P017,1,1330.00,1330.00,06/08/2024,completed
O5232,S1265,P008,1,390.00,390.00,08/06/2024,completed
O5233,S1266,P004,3,230.00,690.00,06/14/2024,completed
O5234,S1267,P005,1,910.00,910.00,06/16/2024,completed
O5235,S1268,P001,1,480.00,480.00,06/14/2024,completed
O5236,S1269,P051,4,730.00,2920.00,14/06/2024,completed
O5237,S1270,P045,3,820.00,2460.00,2024-06-18,completed
O5238,S1271,P013,1,580.00,580.00,06/17/2024,completed
O5239,S1272,P008,1,390.00,390.00,2024-06-13,shipped
O5240,S1273,P020,2,1190.00,2380.00,06/14/2024,completed
O5199,S1222,P049,1,720.00,720.00,05/21/2024,pending
O5241,S1274,P001,4,480.00,1920.00,06/18/2024,cancelled
O5242,S1275,P046,2,640.00,1280.00,2024-06-17,completed
O5243,S1276,P047,1,810.00,810.00,16/06/2024,completed
O5244,S1277,P010,2,1030.00,2060.00,2024-06-18,shipped
O5245,S1278,P011,2,730.00,1460.00,2024-06-18,completed
O5246,S1279,P006,4,630.00,2520.00,2024-06-17,cancelled
O5247,S1280,P036,3,420.00,1260.00,06/21/2024,completed
O5248,S1281,P006,3,630.00,1890.00,21/06/2024,cancelled
O5249,S1282,P044,1,820.00,820.00,06/18/2024,completed
O5250,S1283,P032,4,790.00,3160.00,20/06/2024,completed
O5251,S1284,P051,1,730.00,730.00,19/06/2024,cancelled
O5239,S1272,P008,1,390.00,390.00,2024-06-13,shipped
O5252,S1285,P011,2,730.00,1460.00,2024-06-22,completed
O5253,S1287,P037,2,1350.00,2700.00,21/06/2024,pending
O5254,S1288,P019,1,740.00,740.00,23/06/2024,pending
O5255,S1289,P047,2,810.00,1620.00,06/19/2024,completed
O5179,S1201,P004,10,230.00,2300.00,2024-05-09,cancelled
O5256,S1291,P001,1,480.00,480.00,06/24/2024,completed
O5204,S1227,P002,2,1150.00,2300.00,19/05/2024,completed
O5257,S1292,P047,2,810.00,1620.00,24/06/2024,completed
O5258,S1293,P019,2,740.00,1480.00,06/26/2024,pending
O5259,S1295,P010,1,1030.00,1030.00,06/28/2024,shipped
O5260,S1296,P019,4,740.00,2960.00,06/27/2024,completed
O5261,S1298,P011,1,730.00,730.00,06/25/2024,completed
O5209,S1240,P020,1,1190.00,1190.00,2024-05-29,completed
O5262,S1299,P037,4,1350.00,5400.00,27/06/2024,completed
O5263,S1300,P002,1,1150.00,1150.00,06/30/2024,shipped
O5264,S1301,P013,3,580.00,1740.00,07/02/2024,completed
O5259,S1295,P010,1,1030.00,1030.00,06/28/2024,shipped
O5265,S1302,P016,2,1240.00,2480.00,2024-07-01,shipped
O5266,S1303,P002,2,1150.00,2300.00,2024-06-28,completed
O5267,S1304,P044,1,820.00,820.00,06/29/2024,completed
O5268,S1305,P001,2,480.00,960.00,28/06/2024,completed
