sale_id,date,product_id,region,amount,currency,salesperson_id
S1001,01/03/2024,P052,South,2600.00,USD,E034
S1002,01/04/2024,P028,South,720.00,USD,E031
S1003,01/05/2024,P027,East,4440.00,USD,E051
S1004,06/01/2024,P002,East,4600.00,USD,E027
S1005,01/06/2024,P034,West,1160.00,USD,E052
S1006,2024-01-07,P021,North,2430.00,USD,E013
S1007,08/01/2024,P050,North,1580.00,USD,E001
S1008,2024-01-09,P005,West,1820.00,USD,E016
S1009,2024-01-11,P030,East,2520.00,USD,E035
S1010,01/11/2024,P048,North,1020.00,USD,E017
S1011,01/11/2024,P039,North,1260.00,EUR,E057
S1012,12/01/2024,P002,North,€2300.00,EUR,E033
S1013,12/01/2024,P052,North,1300.00,USD,E053
S1014,01/12/2024,P028,South,1200.00,USD,E050
S1015,2024-01-13,P011,South,730.00,USD,E014
S1016,2024-01-13,P050,East,1580.00,EUR,E047
S1017,01/13/2024,P004,North,2300.00,USD,E016
S1018,2024-01-14,P004,South,1150.00,EUR,E018
S1019,2024-01-14,P018,East,1680.00,USD,E003
S1020,14/01/2024,P043,South,5800.00,USD,E018
S1021,01/15/2024,P048,West,1020.00,USD,E056
S1022,01/16/2024,P051,South,730.00,USD,E058
S1023,01/16/2024,P030,North,630.00,USD,E002
S1024,16/01/2024,P010,West,3090.00,USD,E056
S1025,2024-01-17,P004,East,1150.00,USD,E031
S1026,01/17/2024,P029,East,1160.00,USD,E031
S1027,2024-01-18,P005,West,€910.00,USD,E024
S1028,19/01/2024,P034,East,1160.00,EUR,E031
S1029,2024-01-19,P010,East,1030.00,USD,E039
S1030,2024-01-19,P047,North,810.00,USD,E045
S1031,20/01/2024,P032,East,2370.00,USD,E019
S1032,20/01/2024,P044,South,3280.00,USD,E032
S1033,01/21/2024,P052,West,1300.00,EUR,E040
S1034,01/21/2024,P010,North,2060.00,EUR,E041
S1035,01/21/2024,P008,North,390.00,EUR,E033
S1036,01/22/2024,P020,North,$2380.00,USD,E004
S1037,24/01/2024,P032,West,2370.00,USD,E020
S1038,25/01/2024,P039,West,840.00,USD,E027
S1039,2024-01-25,P011,South,730.00,USD,E058
S1040,01/25/2024,P031,East,2726.00,USD,E023
S1041,01/26/2024,P012,East,620.00,EUR,E027
S1042,27/01/2024,P025,North,620.00,EUR,E017
S1043,01/27/2024,P031,South,2726.00,USD,E058
S1044,27/01/2024,P032,West,$790.00,USD,E060
S1045,2024-01-27,P038,East,870.00,USD,E015
S1046,2024-01-27,P046,North,640.00,USD,E025
S1047,2024-01-27,P020,North,2380.00,EUR,E021
S1048,2024-01-28,P002,North,1150.00,EUR,E045
S1049,01/28/2024,P001,South,480.00,USD,E050
S1050,01/28/2024,P038,North,1740.00,USD,E001
S1051,01/30/2024,P034,North,"1,160.00",USD,E001
S1052,2024-01-31,P040,South,1270.00,USD,E018
S1053,2024-01-31,P002,West,2300.00,USD,E028
S1054,01/02/2024,P004,West,€690.00,USD,E036
S1055,01/02/2024,P015,West,1060.00,EUR,E040
S1056,2024-02-02,P004,East,690.00,USD,E023
S1057,02/03/2024,P003,East,1140.00,USD,E039
S1058,02/03/2024,P026,West,1000.00,USD,E060
S1059,2024-02-03,P021,East,1620.00,EUR,E055
S1060,2024-02-04,P001,East,480.00,USD,E055
S1061,2024-02-05,P011,North,730.00,USD,E009
S1062,05/02/2024,P015,East,4240.00,USD,E019
S1063,2024-02-05,P036,South,€1260.00,USD,E054
S1064,06/02/2024,P001,East,480.00,USD,E055
S1065,02/06/2024,P051,West,1460.00,EUR,E028
S1066,02/06/2024,P010,West,1030.00,USD,E026
S1067,2024-02-06,P020,South,3570.00,EUR,E010
S1068,2024-02-06,P005,East,3640.00,EUR,E043
S1069,2024-02-07,P012,East,620.00,USD,E017
S1070,07/02/2024,P005,East,910.00,USD,E019
S1071,08/02/2024,P052,West,2600.00,USD,E040
S1072,2024-02-08,P021,West,810.00,EUR,E024
S1073,02/08/2024,P005,East,1820.00,USD,E055
S1074,02/08/2024,P015,East,1060.00,EUR,E051
S1075,09/02/2024,P014,North,$3040.00,USD,E031
S1076,02/10/2024,P002,South,,USD,E047
S1077,2024-02-11,P002,West,4600.00,USD,E040
S1078,02/13/2024,P027,North,4440.00,USD,E053
S1079,02/14/2024,P005,South,910.00,USD,E010
S1080,02/14/2024,P021,North,810.00,USD,E053
S1081,15/02/2024,P009,West,,EUR,E020
S1082,15/02/2024,P005,South,910.00,USD,E026
S1083,2024-02-15,P025,West,€930.00,USD,E044
S1084,2024-02-16,P009,North,2256.00,USD,E009
S1085,18/02/2024,P041,East,€740.00,USD,E027
S1086,19/02/2024,P049,East,1440.00,USD,E051
S1087,2024-02-20,P016,East,2480.00,USD,E031
S1088,21/02/2024,P010,North,4120.00,USD,E049
S1089,2024-02-24,P001,East,1440.00,USD,E051
S1090,25/02/2024,P003,South,1140.00,EUR,E010
S1091,2024-02-25,P027,West,1110.00,USD,E012
S1092,02/26/2024,P004,North,2300.00,EUR,E021
S1093,2024-02-27,P020,South,2380.00,USD,E024
S1094,27/02/2024,P010,East,2060.00,USD,E007
S1095,02/27/2024,P004,East,690.00,USD,E035
S1096,02/27/2024,P032,East,2370.00,USD,E011
S1097,28/02/2024,P002,East,1150.00,USD,E011
S1098,29/02/2024,P004,East,690.00,USD,E043
S1099,29/02/2024,P005,North,1820.00,USD,E033
S1100,02/29/2024,P048,South,2040.00,EUR,E038
S1101,2024-03-01,P038,East,870.00,USD,E015
S1102,01/03/2024,P040,South,3810.00,USD,E010
S1103,03/01/2024,P045,East,820.00,USD,E007
S1104,03/01/2024,P011,West,2190.00,USD,E036
S1105,02/03/2024,P005,South,1820.00,USD,E046
S1106,03/02/2024,P044,South,2460.00,USD,E034
S1107,02/03/2024,P029,West,,USD,E060
S1108,03/03/2024,P004,East,460.00,EUR,E015
S1109,2024-03-03,P047,South,810.00,USD,E050
S1110,2024-03-03,P012,North,620.00,USD,E021
S1111,04/03/2024,P020,East,3570.00,USD,E031
S1112,04/03/2024,P018,West,1120.00,USD,E028
S1113,05/03/2024,P005,East,910.00,USD,E039
S1114,03/05/2024,P001,South,480.00,USD,E046
S1115,2024-03-06,P022,South,780.00,USD,E054
S1116,03/07/2024,P023,South,1270.00,USD,E034
S1117,07/03/2024,P002,West,$1150.00,USD,E044
S1081,15/02/2024,P009,West,,EUR,E020
S1118,08/03/2024,P004,West,690.00,USD,E032
S1119,08/03/2024,P017,South,1330.00,EUR,E054
S1120,03/09/2024,P033,South,€4880.00,USD,E022
S1121,2024-03-10,P004,North,230.00,USD,E027
S1122,03/12/2024,P032,West,1580.00,USD,E056
S1123,13/03/2024,P018,East,1120.00,EUR,E047
S1124,13/03/2024,P047,East,810.00,EUR,E003
S1125,14/03/2024,P045,South,2460.00,USD,E054
S1126,2024-03-15,P004,South,1840.00,EUR,E042
S1127,2024-03-16,P039,West,,USD,E036
S1128,2024-03-17,P044,East,1640.00,USD,E039
S1129,2024-03-17,P019,South,2960.00,EUR,E046
S1130,2024-03-17,P004,North,690.00,USD,E005
S1131,03/17/2024,P038,West,870.00,USD,E028
S1132,2024-03-18,P026,South,$1000.00,USD,E054
S1133,19/03/2024,P010,South,1030.00,EUR,E026
S1134,19/03/2024,P024,South,$600.00,USD,E026
S1135,20/03/2024,P047,North,1620.00,USD,E025
S1136,20/03/2024,P002,East,1150.00,USD,E019
S1137,2024-03-20,P009,North,282.00,USD,E045
S1138,2024-03-21,P001,South,480.00,USD,E014
S1139,2024-03-21,P001,North,480.00,USD,E025
S1140,21/03/2024,P023,North,3810.00,USD,E045
S1141,2024-03-21,P016,South,4960.00,EUR,E018
S1142,23/03/2024,P034,South,,EUR,E022
S1143,23/03/2024,P006,West,1260.00,USD,E004
S1144,24/03/2024,P031,East,$2726.00,USD,E018
S1145,24/03/2024,P005,West,1820.00,USD,E024
S1146,03/25/2024,P035,South,4160.00,USD,E006
S1147,03/25/2024,P042,South,980.00,EUR,E002
S1148,03/26/2024,P005,South,1820.00,EUR,E058
S1149,27/03/2024,P002,East,1150.00,USD,E035
S1150,27/03/2024,P015,South,"1,060.00",USD,E002
S1151,2024-03-28,P010,South,1030.00,USD,E002
S1152,03/29/2024,P038,West,870.00,USD,E012
S1153,29/03/2024,P038,East,870.00,USD,E047
S1154,29/03/2024,P012,West,1860.00,EUR,E032
S1155,03/29/2024,P011,East,1460.00,USD,E015
S1156,2024-03-30,P008,West,390.00,USD,E056
S1157,31/03/2024,P014,West,760.00,EUR,E008
S1158,03/31/2024,P001,West,960.00,USD,E036
S1159,2024-04-01,P024,West,600.00,EUR,E050
S1160,01/04/2024,P028,East,240.00,USD,E019
S1161,2024-04-01,P004,East,1150.00,EUR,E035
S1162,04/01/2024,P001,South,480.00,USD,E058
S1163,02/04/2024,P008,North,,USD,E021
S1164,03/04/2024,P029,South,1740.00,EUR,E032
S1165,03/04/2024,P038,South,3480.00,EUR,E054
S1166,03/04/2024,P008,South,$3120.00,USD,E014
S1167,2024-04-06,P019,West,740.00,EUR,E060
S1168,04/07/2024,P035,North,2080.00,USD,E005
S1169,08/04/2024,P004,South,230.00,USD,E018
S1170,2024-04-09,P001,South,480.00,EUR,E046
S1171,04/11/2024,P020,East,1190.00,USD,E031
S1172,13/04/2024,P005,East,1820.00,USD,E035
S1173,2024-04-14,P011,South,2920.00,EUR,E043
S1148,03/26/2024,P005,South,1820.00,EUR,E058
S1174,04/15/2024,P028,East,2400.00,EUR,E015
S1175,04/15/2024,P038,West,870.00,EUR,E012
S1176,15/04/2024,P042,North,980.00,EUR,E032
S1177,04/18/2024,P045,North,820.00,EUR,E041
S1178,04/18/2024,P005,East,3640.00,EUR,E047
S1179,19/04/2024,P029,East,1160.00,USD,E055
S1180,04/20/2024,P014,East,1900.00,USD,E023
S1181,04/20/2024,P042,South,980.00,USD,E010
S1182,2024-04-21,P008,West,390.00,EUR,E008
S1183,21/04/2024,P024,East,1200.00,USD,E058
S1184,2024-04-22,P013,East,€2320.00,USD,E043
S1185,23/04/2024,P005,East,€910.00,USD,E003
S1186,2024-04-24,P046,South,2560.00,USD,E038
S1138,2024-03-21,P001,South,480.00,USD,E014
S1187,04/26/2024,P030,East,630.00,EUR,E055
S1188,2024-04-27,P011,North,730.00,USD,E005
S1189,28/04/2024,P010,East,2060.00,USD,E055
S1190,2024-04-29,P025,South,€1550.00,USD,E014
S1191,29/04/2024,P011,North,1460.00,EUR,E049
S1192,2024-04-30,P003,West,3420.00,USD,E018
S1193,04/30/2024,P007,North,390.00,USD,E029
S1194,01/05/2024,P001,West,480.00,USD,E012
S1195,02/05/2024,P047,South,810.00,USD,E022
S1196,05/04/2024,P037,South,2700.00,USD,E002
S1197,04/05/2024,P002,East,1150.00,USD,E003
S1198,05/05/2024,P047,West,2430.00,USD,E016
S1199,2024-05-05,P001,West,480.00,EUR,E044
S1200,05/05/2024,P027,West,2220.00,USD,E007
S1201,05/07/2024,P004,East,2300.00,EUR,E055
S1202,2024-05-07,P010,South,4120.00,USD,E018
S1203,08/05/2024,P010,East,1030.00,EUR,E047
S1204,08/05/2024,P031,North,1363.00,USD,E057
S1205,09/05/2024,P023,South,5080.00,USD,E058
S1206,05/09/2024,P002,East,1150.00,EUR,E026
S1207,05/09/2024,P002,South,2300.00,USD,E002
S1208,2024-05-09,P004,South,1840.00,USD,E002
S1180,04/20/2024,P014,East,1900.00,USD,E023
S1209,05/09/2024,P042,South,980.00,USD,E002
S1210,2024-05-11,P010,East,2060.00,USD,E051
S1211,2024-05-11,P049,South,2880.00,EUR,E058
S1212,2024-05-12,P038,East,2610.00,USD,E055
S1213,05/13/2024,P012,South,1240.00,USD,E054
S1214,2024-05-13,P043,East,5800.00,USD,E027
S1215,2024-05-13,P004,North,690.00,USD,E053
S1216,14/05/2024,P002,South,1150.00,USD,E054
S1217,2024-05-14,P005,West,910.00,EUR,E056
S1218,14/05/2024,P002,North,1150.00,USD,E045
S1219,15/05/2024,P014,West,€380.00,USD,E016
S1220,2024-05-15,P009,South,282.00,USD,E010
S1221,16/05/2024,P014,West,380.00,USD,E014
S1222,16/05/2024,P049,West,720.00,USD,E060
S1223,2024-05-17,P038,East,870.00,USD,E031
S1224,05/17/2024,P008,East,,USD,E023
S1225,2024-05-17,P003,South,3420.00,USD,E042
S1162,04/01/2024,P001,South,480.00,USD,E058
S1226,05/18/2024,P039,East,1680.00,USD,E051
S1227,05/18/2024,P002,West,2300.00,USD,E032
S1228,05/18/2024,P002,East,1150.00,USD,E003
S1229,18/05/2024,P039,East,420.00,USD,E031
S1230,05/19/2024,P040,South,2540.00,USD,E018
S1231,19/05/2024,P042,South,1960.00,USD,E018
S1232,05/20/2024,P004,East,2300.00,USD,E043
S1233,20/05/2024,P020,North,3570.00,EUR,E026
S1234,2024-05-20,P004,North,1840.00,EUR,E017
S1235,05/21/2024,P036,South,420.00,EUR,E054
S1236,21/05/2024,P004,South,230.00,EUR,E002
S1237,2024-05-21,P027,South,3330.00,USD,E046
S1238,21/05/2024,P015,South,1060.00,USD,E030
S1239,05/23/2024,P036,North,840.00,EUR,E009
S1240,2024-05-23,P020,West,1190.00,EUR,E044
S1241,23/05/2024,P046,West,640.00,USD,E040
S1242,24/05/2024,P036,West,1680.00,USD,E060
S1243,2024-05-24,P016,East,2480.00,USD,E043
S1244,26/05/2024,P010,East,2060.00,USD,E019
S1245,27/05/2024,P005,West,1820.00,USD,E020
S1246,05/28/2024,P008,East,1950.00,USD,E031
S1247,28/05/2024,P042,East,1470.00,USD,E047
S1248,05/29/2024,P033,West,$1220.00,USD,E032
S1249,05/30/2024,P026,South,2000.00,USD,E042
S1250,05/30/2024,P004,North,690.00,USD,E009
S1251,2024-05-31,P001,West,960.00,USD,E052
S1252,05/31/2024,P005,South,"1,820.00",USD,E058
S1253,06/01/2024,P004,South,230.00,USD,E023
S1254,2024-06-01,P002,South,€2300.00,USD,E002
S1255,02/06/2024,P007,East,390.00,USD,E035
S1256,06/02/2024,P010,East,3090.00,USD,E059
S1257,04/06/2024,P044,North,1640.00,USD,E013
S1258,05/06/2024,P035,North,2080.00,USD,E035
S1259,06/06/2024,P048,West,1020.00,EUR,E008
S1260,06/06/2024,P030,East,630.00,USD,E019
S1261,06/06/2024,P043,East,,USD,E043
S1262,2024-06-07,P004,North,230.00,EUR,E013
S1263,2024-06-08,P017,South,1330.00,USD,E026
S1240,2024-05-23,P020,West,1190.00,EUR,E044
S1264,2024-06-08,P004,South,2300.00,USD,E046
S1265,06/08/2024,P008,East,390.00,EUR,E043
S1266,10/06/2024,P004,South,690.00,USD,E050
S1267,06/11/2024,P005,North,€910.00,USD,E045
S1268,06/11/2024,P001,West,480.00,EUR,E004
S1269,12/06/2024,P051,South,2920.00,USD,E010
S1270,06/12/2024,P045,West,2460.00,USD,E008
S1271,12/06/2024,P013,West,580.00,USD,E036
S1272,06/12/2024,P008,West,390.00,USD,E024
S1222,16/05/2024,P049,West,720.00,USD,E060
S1273,12/06/2024,P020,North,2380.00,EUR,E009
S1201,05/07/2024,P004,East,2300.00,EUR,E055
S1090,25/02/2024,P003,South,1140.00,EUR,E010
S1274,2024-06-12,P001,South,1920.00,EUR,E025
S1275,06/13/2024,P046,West,1280.00,USD,E012
S1276,2024-06-13,P047,North,810.00,EUR,E041
S1277,2024-06-14,P010,South,2060.00,EUR,E042
S1278,15/06/2024,P011,West,1460.00,USD,E054
S1279,2024-06-15,P006,North,2520.00,EUR,E013
S1280,2024-06-16,P036,East,1260.00,USD,E005
S1227,05/18/2024,P002,West,2300.00,USD,E032
S1281,17/06/2024,P006,North,1890.00,USD,E029
S1282,2024-06-17,P044,North,820.00,USD,E033
S1283,2024-06-17,P032,East,3160.00,USD,E027
S1284,18/06/2024,P051,North,730.00,EUR,E045
S1285,18/06/2024,P011,North,"1,460.00",EUR,E037
S1286,2024-06-18,P031,South,2726.00,USD,E014
S1272,06/12/2024,P008,West,390.00,USD,E024
S1287,06/19/2024,P037,North,2700.00,USD,E047
S1288,2024-06-19,P019,West,740.00,USD,E060
S1289,2024-06-19,P047,West,,USD,E044
S1290,06/20/2024,P040,West,5080.00,USD,E020
S1291,06/21/2024,P001,West,,USD,E008
S1221,16/05/2024,P014,West,380.00,USD,E014
S1192,2024-04-30,P003,West,3420.00,USD,E018
S1292,06/21/2024,P047,South,1620.00,USD,E042
S1293,06/22/2024,P019,East,1480.00,USD,E023
S1294,2024-06-23,P046,West,1280.00,USD,E020
S1295,2024-06-23,P010,North,1030.00,USD,E033
S1296,2024-06-24,P019,South,,USD,E018
S1295,2024-06-23,P010,North,1030.00,USD,E033
S1297,25/06/2024,P023,South,5080.00,USD,E050
S1298,06/25/2024,P011,East,730.00,USD,E051
S1299,26/06/2024,P037,East,,USD,E031
S1300,26/06/2024,P002,East,1150.00,USD,E003
S1301,27/06/2024,P013,East,1740.00,USD,E051
S1302,06/27/2024,P016,North,"2,480.00",EUR,E013
S1303,27/06/2024,P002,West,2300.00,EUR,E040
S1304,28/06/2024,P044,East,820.00,USD,E031
S1305,06/28/2024,P001,South,960.00,EUR,E035
